{"Um9kcmlnbyBXZWZmZXI=": {"name": "Rodrigo Weffer", "age": 18.0, "gender": "Femenino", "photo": "/Users/rweffercifue/Documents/watchdogs-workspace/1.jpeg", "face": {"middle": [461, 303], "upper": [461, 99], "chin": [461, 648], "outer_eyeL": [314, 338], "inner_eyeL": [421, 338], "outer_eyeR": [604, 329], "inner_eyeR": [504, 338], "cheekboneL": [257, 396], "cheekboneR": [652, 403], "noseL": [404, 436], "noseC": [462, 435], "noseR": [514, 438], "cheekL": [306, 576], "cheekR": [590, 589], "mouthL": [384, 518], "mouthR": [541, 522], "malarL": [345.9704142011834, 420.2096365173288], "malarR": [573.331695935159, 422.9521061034017]}}, "UGVwaXRhIFBlcmV4": {"name": "Pepita Perex", "age": 18.0, "gender": "Femenino", "photo": "/home/rojosewe/Pictures/1.JPG", "face": {"middle": [461.0, 290.0], "upper": [463.0, 104.0], "chin": [465.0, 649.0], "outer_eyeL": [319.0, 333.0], "inner_eyeL": [414.0, 337.0], "outer_eyeR": [600.0, 326.0], "inner_eyeR": [509.0, 335.0], "cheekboneL": [256.0, 385.0], "cheekboneR": [656.0, 363.0], "noseL": [407.0, 431.0], "noseC": [460.0, 432.0], "noseR": [513.0, 433.0], "cheekL": [309.0, 566.0], "cheekR": [602.0, 575.0], "mouthL": [385.0, 523.0], "mouthR": [541.0, 519.0], "malarL": [346.6565058080611, 412.6172136898729], "malarR": [576.843964378542, 401.7477097447697]}}, "UGVkcm8gUm9kcmlndWV6": {"name": "Pedro Rodriguez", "age": 32.0, "gender": "Masculino", "photo": "/home/rojosewe/Pictures/2.JPG", "face": {"middle": [534.0, 258.0], "upper": [532.0, 46.0], "chin": [530.0, 672.0], "outer_eyeL": [380.0, 322.0], "inner_eyeL": [484.0, 324.0], "outer_eyeR": [679.0, 321.0], "inner_eyeR": [576.0, 322.0], "cheekboneL": [316.0, 375.0], "cheekboneR": [751.0, 364.0], "noseL": [463.0, 441.0], "noseC": [529.5, 438.0], "noseR": [596.0, 435.0], "cheekL": [367.0, 567.0], "cheekR": [707.0, 551.0], "mouthL": [440.0, 528.0], "mouthR": [623.0, 529.0], "malarL": [407.3877364941874, 416.0312286300433], "malarR": [655.6660062270025, 407.66911972827626]}}, "SnVhbml0byBNYW51ZWw=": {"name": "Juanito Manuel", "age": 18.0, "gender": "Masculino", "photo": "/home/rojosewe/Pictures/2.JPG", "face": {"middle": [527.0, 259.0], "upper": [528.0, 46.0], "chin": [525.0, 672.0], "outer_eyeL": [379.0, 326.0], "inner_eyeL": [485.0, 324.0], "outer_eyeR": [683.0, 325.0], "inner_eyeR": [578.0, 324.0], "cheekboneL": [310.0, 373.0], "cheekboneR": [751.0, 368.0], "noseL": [352.0, 439.0], "noseC": [474.5, 439.0], "noseR": [597.0, 439.0], "cheekL": [374.0, 568.0], "cheekR": [693.0, 562.0], "mouthL": [452.0, 533.0], "mouthR": [623.0, 529.0], "malarL": [501.94736842105266, 674.6315789473684], "malarR": [657.7017233760495, 411.0141405214317]}}, "Um9kcmlnbyBKb3Nl": {"name": "Rodrigo Jose", "age": 18, "gender": "Masculino", "photo": "/Users/rweffercifue/Documents/watchdogs-workspace/1.jpeg", "face": {"middle": [461, 290], "upper": [462, 100], "chin": [462, 652], "outer_eyeL": [310, 332], "inner_eyeL": [418, 338], "outer_eyeR": [603, 330], "inner_eyeR": [504, 338], "cheekboneL": [259, 390], "cheekboneR": [652, 399], "noseL": [407, 436], "noseC": [460, 423], "noseR": [513, 437], "cheekL": [307, 574], "cheekR": [594, 591], "mouthL": [387, 525], "mouthR": [538, 521], "malarL": [343.6348013747902, 416.3054112381105], "malarR": [572.0832260475934, 420.8477511524565]}}, "SiBHdWV2YXJh": {"name": "J Guevara", "age": 38, "gender": "Femenino", "photo": "/Users/rweffercifue/Desktop/IMG_0520.jpg", "face": {"middle": [529, 206], "upper": [530, 24], "chin": [532, 681], "outer_eyeL": [338, 271], "inner_eyeL": [461, 280], "outer_eyeR": [707, 272], "inner_eyeR": [591, 281], "cheekboneL": [284, 349], "cheekboneR": [764, 345], "noseL": [459, 409], "noseC": [532, 388], "noseR": [594, 412], "cheekL": [371, 608], "cheekR": [707, 585], "mouthL": [429, 523], "mouthR": [626, 526], "malarL": [377.7771739130435, 381.1521739130435], "malarR": [672.1802770640744, 381.1877731571001]}}}