{"Um9kcmlnbyBXZWZmZXI=": {"name": "Rodrigo Weffer", "age": 18.0, "gender": "Femenino", "photo": "/home/rojosewe/Pictures/1.JPG", "face": {"middle": [462.0, 293.0], "upper": [461.0, 103.0], "chin": [462.0, 651.0], "outer_eyeL": [314.0, 335.0], "inner_eyeL": [419.0, 337.0], "outer_eyeR": [611.0, 329.0], "inner_eyeR": [505.0, 341.0], "cheekboneL": [263.0, 394.0], "cheekboneR": [647.0, 385.0], "noseL": [408.0, 436.0], "noseC": [460.0, 436.0], "noseR": [512.0, 436.0], "cheekL": [309.0, 574.0], "cheekR": [600.0, 579.0], "mouthL": [383.0, 521.0], "mouthR": [542.0, 522.0], "malarL": [344.66188933200397, 417.6537886340977], "malarR": [582.2316293929713, 409.46805111821084]}}, "UGVwaXRhIFBlcmV4": {"name": "Pepita Perex", "age": 18.0, "gender": "Femenino", "photo": "/home/rojosewe/Pictures/1.JPG", "face": {"middle": [461.0, 290.0], "upper": [463.0, 104.0], "chin": [465.0, 649.0], "outer_eyeL": [319.0, 333.0], "inner_eyeL": [414.0, 337.0], "outer_eyeR": [600.0, 326.0], "inner_eyeR": [509.0, 335.0], "cheekboneL": [256.0, 385.0], "cheekboneR": [656.0, 363.0], "noseL": [407.0, 431.0], "noseC": [460.0, 432.0], "noseR": [513.0, 433.0], "cheekL": [309.0, 566.0], "cheekR": [602.0, 575.0], "mouthL": [385.0, 523.0], "mouthR": [541.0, 519.0], "malarL": [346.6565058080611, 412.6172136898729], "malarR": [576.843964378542, 401.7477097447697]}}, "UGVkcm8gUm9kcmlndWV6": {"name": "Pedro Rodriguez", "age": 32.0, "gender": "Masculino", "photo": "/home/rojosewe/Pictures/2.JPG", "face": {"middle": [534.0, 258.0], "upper": [532.0, 46.0], "chin": [530.0, 672.0], "outer_eyeL": [380.0, 322.0], "inner_eyeL": [484.0, 324.0], "outer_eyeR": [679.0, 321.0], "inner_eyeR": [576.0, 322.0], "cheekboneL": [316.0, 375.0], "cheekboneR": [751.0, 364.0], "noseL": [463.0, 441.0], "noseC": [529.5, 438.0], "noseR": [596.0, 435.0], "cheekL": [367.0, 567.0], "cheekR": [707.0, 551.0], "mouthL": [440.0, 528.0], "mouthR": [623.0, 529.0], "malarL": [407.3877364941874, 416.0312286300433], "malarR": [655.6660062270025, 407.66911972827626]}}, "SnVhbml0byBNYW51ZWw=": {"name": "Juanito Manuel", "age": 18.0, "gender": "Masculino", "photo": "/home/rojosewe/Pictures/2.JPG", "face": {"middle": [527.0, 259.0], "upper": [528.0, 46.0], "chin": [525.0, 672.0], "outer_eyeL": [379.0, 326.0], "inner_eyeL": [485.0, 324.0], "outer_eyeR": [683.0, 325.0], "inner_eyeR": [578.0, 324.0], "cheekboneL": [310.0, 373.0], "cheekboneR": [751.0, 368.0], "noseL": [352.0, 439.0], "noseC": [474.5, 439.0], "noseR": [597.0, 439.0], "cheekL": [374.0, 568.0], "cheekR": [693.0, 562.0], "mouthL": [452.0, 533.0], "mouthR": [623.0, 529.0], "malarL": [501.94736842105266, 674.6315789473684], "malarR": [657.7017233760495, 411.0141405214317]}}}